Landkreis	Bundesland	Population	Cases	Deaths	Cases_Per_Million	Deaths_Per_Million	DIVI_Intensivstationen_Covid_Prozent	DIVI_Intensivstationen_Betten_belegt_Prozent	DoublingTime_Cases_Last_Week_Per_100000
Flensburg (Kreisfreie Stadt)	Schleswig-Holstein	89934	35098	83	390263	922	0.0	84.6	25.9
Kiel (Kreisfreie Stadt)	Schleswig-Holstein	246601	89716	273	363810	1107	1.4	83.5	
Lübeck (Kreisfreie Stadt)	Schleswig-Holstein	215846	78255	143	362550	662	0.8	94.1	
Neumünster (Kreisfreie Stadt)	Schleswig-Holstein	79905	27280	98	341405	1226	4.3	87.0	
Dithmarschen (Kreis)	Schleswig-Holstein	133251	46042	110	345528	825	0.0	85.7	
Herzogtum Lauenburg (Kreis)	Schleswig-Holstein	199152	66438	173	333604	868	15.0	80.0	
Nordfriesland (Kreis)	Schleswig-Holstein	167147	61132	176	365737	1052	0.0	70.8	
Ostholstein (Kreis)	Schleswig-Holstein	201487	61146	122	303473	605	8.7	97.8	42.4
Pinneberg (Kreis)	Schleswig-Holstein	317085	108333	537	341652	1693	2.7	89.2	
Plön (Kreis)	Schleswig-Holstein	129353	39263	71	303533	548	8.3	50.0	27.0
Rendsburg-Eckernförde (Kreis)	Schleswig-Holstein	274765	94983	118	345688	429	4.7	58.1	23.9
Schleswig-Flensburg (Kreis)	Schleswig-Holstein	202647	67586	145	333515	715	8.3	100.0	34.8
Segeberg (Kreis)	Schleswig-Holstein	278007	103540	336	372436	1208	2.4	78.6	
Steinburg (Kreis)	Schleswig-Holstein	130706	43408	68	332104	520	2.3	83.7	
Stormarn (Kreis)	Schleswig-Holstein	244989	78415	409	320075	1669	6.2	68.8	
Saarbrücken (Landkreis)	Saarland	327502	129077	803	394125	2451	3.7	79.8	17.9
Merzig-Wadern (Landkreis)	Saarland	103471	43704	157	422379	1517	0.0	25.0	18.5
Neunkirchen (Landkreis)	Saarland	131172	53414	220	407205	1677	0.0	71.8	19.5
Saarlouis (Landkreis)	Saarland	193732	84462	283	435973	1460	5.5	78.2	16.1
Saarpfalz-Kreis (Landkreis)	Saarland	141656	57206	203	403837	1433	2.3	91.0	17.0
St. Wendel (Landkreis)	Saarland	86458	37609	175	434997	2024	0.0	75.0	21.3
Berlin Reinickendorf (Bezirk)	Berlin	259720	82955	403	319401	1551	3.7	86.2	
Berlin Charlottenburg-Wilmersdorf (Bezirk)	Berlin	316223	99441	412	314464	1302	3.7	86.2	
Berlin Treptow-Köpenick (Bezirk)	Berlin	272992	87351	337	319976	1234	3.7	86.2	
Berlin Pankow (Bezirk)	Berlin	404187	142944	303	353658	749	3.7	86.2	
Berlin Neukölln (Bezirk)	Berlin	318509	114108	531	358256	1667	3.7	86.2	
Berlin Lichtenberg (Bezirk)	Berlin	292005	97960	367	335473	1256	3.7	86.2	
Berlin Marzahn-Hellersdorf (Bezirk)	Berlin	274076	87417	378	318951	1379	3.7	86.2	
Berlin Spandau (Bezirk)	Berlin	239374	81277	324	339539	1353	3.7	86.2	
Berlin Steglitz-Zehlendorf (Bezirk)	Berlin	291915	90921	523	311463	1791	3.7	86.2	
Berlin Mitte (Bezirk)	Berlin	374581	141422	410	377547	1094	3.7	86.2	
Berlin Friedrichshain-Kreuzberg (Bezirk)	Berlin	279210	110461	212	395619	759	3.7	86.2	
Berlin Tempelhof-Schöneberg (Bezirk)	Berlin	341296	114755	596	336233	1746	3.7	86.2	
Brandenburg an der Havel (Kreisfreie Stadt)	Brandenburg	72040	24300	171	337312	2373	0.0	74.6	
Cottbus (Kreisfreie Stadt)	Brandenburg	98693	43178	319	437498	3232	4.5	84.1	
Frankfurt (Oder) (Kreisfreie Stadt)	Brandenburg	57015	21995	204	385775	3578	0.0	75.0	
Potsdam (Kreisfreie Stadt)	Brandenburg	182112	67863	279	372644	1532	1.6	71.0	
Barnim (Landkreis)	Brandenburg	187343	59258	356	316307	1900	0.0	94.9	29.9
Dahme-Spreewald (Landkreis)	Brandenburg	173316	67189	418	387667	2411	3.1	65.6	32.9
Elbe-Elster (Landkreis)	Brandenburg	101085	43396	404	429302	3996	11.1	66.7	22.4
Havelland (Landkreis)	Brandenburg	164693	52551	295	319084	1791	4.8	71.4	
Märkisch-Oderland (Landkreis)	Brandenburg	197195	69505	404	352468	2048	9.1	100.0	
Oberhavel (Landkreis)	Brandenburg	214234	75223	426	351125	1988	3.1	78.1	
Oberspreewald-Lausitz (Landkreis)	Brandenburg	108396	45583	396	420522	3653	7.7	84.6	
Oder-Spree (Landkreis)	Brandenburg	179276	69533	493	387854	2749	0.0	73.0	
Ostprignitz-Ruppin (Landkreis)	Brandenburg	98808	34808	222	352279	2246	4.8	83.3	
Potsdam-Mittelmark (Landkreis)	Brandenburg	217954	81461	300	373753	1376	0.0	95.7	
Prignitz (Landkreis)	Brandenburg	76096	30473	241	400454	3167	0.0	85.7	33.9
Spree-Neiße (Landkreis)	Brandenburg	113011	48109	334	425701	2955	10.0	65.0	
Teltow-Fläming (Landkreis)	Brandenburg	171554	65570	362	382212	2110	0.0	50.0	
Uckermark (Landkreis)	Brandenburg	118250	40490	268	342410	2266	12.1	57.6	
Rostock (Kreisfreie Stadt)	Mecklenburg-Vorpommern	209061	79588	171	380692	817	1.9	76.6	49.9
Schwerin (Kreisfreie Stadt)	Mecklenburg-Vorpommern	95609	36585	187	382652	1955	1.4	84.7	
Mecklenburgische Seenplatte (Landkreis)	Mecklenburg-Vorpommern	258057	77709	269	301131	1042	6.1	81.7	42.6
Rostock (Landkreis)	Mecklenburg-Vorpommern	217072	86377	339	397918	1561	1.3	57.3	
Vorpommern-Rügen (Landkreis)	Mecklenburg-Vorpommern	225383	80598	311	357604	1379	1.9	86.8	
Nordwestmecklenburg (Landkreis)	Mecklenburg-Vorpommern	157975	62067	155	392891	981	7.1	57.1	33.4
Vorpommern-Greifswald (Landkreis)	Mecklenburg-Vorpommern	235773	89191	539	378291	2286	2.8	84.8	35.2
Ludwigslust-Parchim (Landkreis)	Mecklenburg-Vorpommern	211844	84493	475	398845	2242	5.0	89.9	26.7
Chemnitz (Kreisfreie Stadt)	Sachsen	244401	95296	873	389916	3571	3.0	84.0	31.7
Erzgebirgskreis (Landkreis)	Sachsen	331917	146222	1737	440537	5233	3.3	64.1	
Mittelsachsen (Landkreis)	Sachsen	301474	127016	1036	421316	3436	2.0	69.4	
Vogtlandkreis (Landkreis)	Sachsen	223905	96151	1297	429427	5792	3.2	73.0	
Zwickau (Landkreis)	Sachsen	312033	129463	1560	414901	4999	1.1	71.0	30.2
Dresden (Kreisfreie Stadt)	Sachsen	556227	250347	1773	450080	3187	2.5	91.2	
Bautzen (Landkreis)	Sachsen	298010	137858	1458	462595	4892	1.5	73.1	57.5
Görlitz (Landkreis)	Sachsen	250558	100174	1667	399803	6653	4.7	68.8	
Meißen (Landkreis)	Sachsen	240371	106676	999	443797	4156	3.2	76.2	
Sächsische Schweiz-Osterzgebirge (Landkreis)	Sachsen	244722	113147	1503	462349	6141	13.0	78.3	
Leipzig (Kreisfreie Stadt)	Sachsen	597493	243758	854	407967	1429	3.5	80.1	
Leipzig (Landkreis)	Sachsen	258386	112421	551	435089	2132	0.0	76.8	38.1
Nordsachsen (Landkreis)	Sachsen	197444	81657	672	413570	3403	0.0	64.2	
Dessau-Roßlau (Kreisfreie Stadt)	Sachsen-Anhalt	79354	28742	182	362199	2293	2.5	77.5	17.3
Halle (Saale) (Kreisfreie Stadt)	Sachsen-Anhalt	237865	93322	623	392331	2619	1.9	89.3	
Magdeburg (Kreisfreie Stadt)	Sachsen-Anhalt	235775	77524	261	328805	1106	1.6	93.5	
Altmarkkreis Salzwedel (Landkreis)	Sachsen-Anhalt	82687	32694	153	395394	1850	6.2	93.8	37.9
Anhalt-Bitterfeld (Landkreis)	Sachsen-Anhalt	157217	61348	421	390212	2677	5.7	68.6	
Börde (Landkreis)	Sachsen-Anhalt	170567	66175	220	387970	1289	0.0	86.7	
Burgenlandkreis (Landkreis)	Sachsen-Anhalt	177590	75280	922	423897	5191	0.0	74.1	
Harz (Landkreis)	Sachsen-Anhalt	210975	81242	546	385078	2587	3.3	90.2	
Jerichower Land (Landkreis)	Sachsen-Anhalt	89403	33555	220	375322	2460	4.8	81.0	18.1
Mansfeld-Südharz (Landkreis)	Sachsen-Anhalt	133690	53161	372	397643	2782	4.2	91.7	
Saalekreis (Landkreis)	Sachsen-Anhalt	183434	77336	591	421601	3221	0.0	86.4	
Salzlandkreis (Landkreis)	Sachsen-Anhalt	187457	67588	447	360552	2384	3.1	84.4	
Stendal (Landkreis)	Sachsen-Anhalt	110485	39183	304	354645	2751	0.0	73.9	19.0
Wittenberg (Landkreis)	Sachsen-Anhalt	124185	46187	432	371920	3478	0.0	60.0	22.6
Erfurt (Kreisfreie Stadt)	Thüringen	213692	71934	550	336624	2573	3.0	84.8	
Gera (Kreisfreie Stadt)	Thüringen	92126	32753	374	355523	4059	5.0	97.5	18.6
Jena (Kreisfreie Stadt)	Thüringen	110731	41861	159	378042	1435	1.0	87.5	
Suhl (Kreisfreie Stadt)	Thüringen	36395	11517	188	316444	5165	0.0	46.9	
Weimar (Kreisfreie Stadt)	Thüringen	65098	24859	170	381870	2611	0.0	64.3	
Eichsfeld (Landkreis)	Thüringen	99463	42622	358	428521	3599	4.5	54.5	
Nordhausen (Landkreis)	Thüringen	82456	26352	105	319588	1273	3.6	61.8	
Wartburgkreis (Landkreis)	Thüringen	159937	57671	454	360585	2838	2.4	80.5	44.8
Unstrut-Hainich-Kreis (Landkreis)	Thüringen	101698	39839	419	391738	4120	11.8	70.6	
Kyffhäuserkreis (Landkreis)	Thüringen	73522	24621	245	334879	3332	0.0	33.3	
Schmalkalden-Meiningen (Landkreis)	Thüringen	124241	49933	697	401904	5610	14.3	83.3	
Gotha (Landkreis)	Thüringen	134563	47843	353	355543	2623	0.0	46.7	47.6
Sömmerda (Landkreis)	Thüringen	69107	25120	248	363494	3588	0.0	60.0	
Hildburghausen (Landkreis)	Thüringen	62656	25769	424	411277	6767	0.0	25.0	
Ilm-Kreis (Landkreis)	Thüringen	105606	43277	436	409796	4128	5.9	47.1	43.9
Weimarer Land (Landkreis)	Thüringen	82291	29794	136	362056	1652	2.7	78.4	
Sonneberg (Landkreis)	Thüringen	57044	22244	291	389944	5101	0.0	62.5	
Saalfeld-Rudolstadt (Landkreis)	Thüringen	102139	38482	561	376761	5492	4.8	66.7	
Saale-Holzland-Kreis (Landkreis)	Thüringen	82816	33484	229	404318	2765	12.5	87.5	36.4
Saale-Orla-Kreis (Landkreis)	Thüringen	79632	31826	340	399663	4269	25.0	100.0	
Greiz (Landkreis)	Thüringen	96668	36226	384	374746	3972	0.0	90.0	
Altenburger Land (Landkreis)	Thüringen	88356	35405	483	400708	5466	3.3	76.7	
Hamburg (Kreisfreie Stadt)	Hamburg	1852478	721770	3026	389624	1633	3.1	80.4	
Braunschweig (Kreisfreie Stadt)	Niedersachsen	248561	90212	333	362937	1339	2.3	75.0	
Salzgitter (Kreisfreie Stadt)	Niedersachsen	103866	43449	181	418317	1742	3.7	100.0	
Wolfsburg (Kreisfreie Stadt)	Niedersachsen	123840	49414	214	399014	1728	0.0	56.7	
Gifhorn (Landkreis)	Niedersachsen	177227	68719	392	387745	2211	8.3	91.7	47.3
Goslar (Landkreis)	Niedersachsen	134688	45444	251	337401	1863	0.0	83.3	55.6
Helmstedt (Landkreis)	Niedersachsen	91518	33192	158	362682	1726	0.0	64.3	
Northeim (Landkreis)	Niedersachsen	131772	50237	156	381241	1183	0.0	72.2	
Peine (Landkreis)	Niedersachsen	135844	57255	168	421476	1236	14.3	71.4	23.9
Wolfenbüttel (Landkreis)	Niedersachsen	119361	43879	151	367615	1265	6.2	62.5	
Göttingen (Landkreis)	Niedersachsen	323900	123927	440	382608	1358	4.5	81.2	
Hannover (Landkreis)	Niedersachsen	1155330	442626	1886	383116	1632	2.3	87.3	
Diepholz (Landkreis)	Niedersachsen	218072	86602	169	397125	774	0.0	55.6	
Hameln-Pyrmont (Landkreis)	Niedersachsen	148580	56134	183	377803	1231	1.4	82.9	48.3
Hildesheim (Landkreis)	Niedersachsen	275464	105428	560	382728	2032	4.1	64.9	
Holzminden (Landkreis)	Niedersachsen	70207	25127	151	357898	2150	0.0	100.0	
Nienburg (Weser) (Landkreis)	Niedersachsen	121645	47358	225	389313	1849	0.0	56.2	
Schaumburg (Landkreis)	Niedersachsen	158406	62668	221	395616	1395	0.0	83.3	54.9
Celle (Landkreis)	Niedersachsen	179386	67019	182	373602	1014	2.6	57.9	41.3
Cuxhaven (Landkreis)	Niedersachsen	198826	73264	264	368482	1327	0.0	66.7	
Harburg (Landkreis)	Niedersachsen	256016	97291	233	380019	910	3.2	90.3	
Lüchow-Dannenberg (Landkreis)	Niedersachsen	48503	16608	43	342411	886	11.1	100.0	
Lüneburg (Landkreis)	Niedersachsen	184235	68530	156	371970	846	0.0	64.9	34.6
Osterholz (Landkreis)	Niedersachsen	114640	42494	93	370673	811	0.0	70.0	
Rotenburg (Wümme) (Landkreis)	Niedersachsen	164486	63220	212	384348	1288	6.7	83.3	
Heidekreis (Landkreis)	Niedersachsen	140885	49570	207	351847	1469	5.0	95.0	
Stade (Landkreis)	Niedersachsen	205357	79258	240	385952	1168	0.0	73.3	
Uelzen (Landkreis)	Niedersachsen	92566	34303	213	370578	2301	1.3	94.7	42.9
Verden (Landkreis)	Niedersachsen	137574	53767	168	390822	1221	0.0	86.7	
Delmenhorst (Kreisfreie Stadt)	Niedersachsen	77503	30421	110	392513	1419	16.7	100.0	20.8
Emden (Kreisfreie Stadt)	Niedersachsen	49874	19107	42	383105	842	0.0	84.6	
Oldenburg (Oldb) (Kreisfreie Stadt)	Niedersachsen	169605	65703	65	387388	383	1.8	90.4	
Osnabrück (Kreisfreie Stadt)	Niedersachsen	164223	65331	167	397818	1016	1.8	92.9	
Wilhelmshaven (Kreisfreie Stadt)	Niedersachsen	75189	26727	149	355464	1981	2.9	57.1	
Ammerland (Landkreis)	Niedersachsen	125643	48193	99	383570	787	3.4	96.6	
Aurich (Landkreis)	Niedersachsen	190178	74419	161	391312	846	10.8	73.0	
Cloppenburg (Landkreis)	Niedersachsen	172632	85865	292	497387	1691	8.3	79.2	
Emsland (Landkreis)	Niedersachsen	328930	165966	385	504563	1170	1.2	63.4	
Friesland (Landkreis)	Niedersachsen	98971	33326	70	336724	707	0.0	77.4	26.0
Grafschaft Bentheim (Landkreis)	Niedersachsen	137891	65167	193	472597	1399	0.0	100.0	23.3
Leer (Landkreis)	Niedersachsen	171483	61881	147	360857	857	3.6	60.7	
Oldenburg (Landkreis)	Niedersachsen	131467	55722	171	423847	1300	0.0	60.0	29.8
Osnabrück (Landkreis)	Niedersachsen	359471	153974	459	428334	1276	2.3	76.7	
Vechta (Landkreis)	Niedersachsen	143698	80334	111	559047	772	2.6	68.4	
Wesermarsch (Landkreis)	Niedersachsen	88524	31747	168	358625	1897	0.0	63.6	49.4
Wittmund (Landkreis)	Niedersachsen	57384	23902	74	416527	1289	0.0	87.5	37.2
Bremen (Kreisfreie Stadt)	Bremen	566573	209770	634	370243	1119	4.8	92.5	
Bremerhaven (Kreisfreie Stadt)	Bremen	113557	45760	200	402969	1761	9.1	79.5	
Düsseldorf (Kreisfreie Stadt)	Nordrhein-Westfalen	620523	236469	939	381080	1513	2.6	89.1	
Duisburg (Kreisfreie Stadt)	Nordrhein-Westfalen	495885	138812	960	279927	1935	2.4	84.1	
Essen (Kreisfreie Stadt)	Nordrhein-Westfalen	582415	191799	802	329316	1377	3.9	88.8	
Krefeld (Kreisfreie Stadt)	Nordrhein-Westfalen	226844	79528	291	350584	1282	3.6	77.4	
Mönchengladbach (Kreisfreie Stadt)	Nordrhein-Westfalen	259665	97362	348	374952	1340	4.7	84.9	
Mülheim an der Ruhr (Kreisfreie Stadt)	Nordrhein-Westfalen	170921	55866	380	326852	2223	12.5	87.5	
Oberhausen (Kreisfreie Stadt)	Nordrhein-Westfalen	209566	64033	490	305550	2338	0.0	84.5	
Remscheid (Kreisfreie Stadt)	Nordrhein-Westfalen	111516	43457	283	389692	2537	3.6	78.6	
Solingen (Kreisfreie Stadt)	Nordrhein-Westfalen	159193	69522	338	436715	2123	4.2	86.1	
Wuppertal (Kreisfreie Stadt)	Nordrhein-Westfalen	355004	142348	682	400975	1921	0.0	80.6	
Kleve (Kreis)	Nordrhein-Westfalen	313586	102234	402	326015	1281	0.0	73.8	
Mettmann (Kreis)	Nordrhein-Westfalen	484322	187493	1114	387124	2300	3.2	61.9	
Rhein-Kreis Neuss (Kreis)	Nordrhein-Westfalen	452001	163543	636	361819	1407	1.0	84.4	
Viersen (Kreis)	Nordrhein-Westfalen	298536	107385	385	359705	1289	0.0	73.5	
Wesel (Kreis)	Nordrhein-Westfalen	460113	161693	470	351420	1021	1.6	68.2	
Bonn (Kreisfreie Stadt)	Nordrhein-Westfalen	330579	119953	446	362857	1349	3.2	96.4	
Köln (Kreisfreie Stadt)	Nordrhein-Westfalen	1083498	434524	1107	401038	1021	3.4	91.0	
Leverkusen (Kreisfreie Stadt)	Nordrhein-Westfalen	163905	63979	192	390341	1171	0.0	84.6	
Städteregion Aachen (Kreis)	Nordrhein-Westfalen	556631	212470	944	381707	1695	2.2	87.3	
Düren (Kreis)	Nordrhein-Westfalen	265140	110794	451	417869	1700	1.6	77.4	
Rhein-Erft-Kreis (Kreis)	Nordrhein-Westfalen	469611	188910	593	402269	1262	3.2	82.3	
Euskirchen (Kreis)	Nordrhein-Westfalen	194359	79612	347	409613	1785	3.8	73.1	
Heinsberg (Kreis)	Nordrhein-Westfalen	256458	85067	560	331699	2183	2.9	82.4	44.1
Oberbergischer Kreis (Kreis)	Nordrhein-Westfalen	271699	109644	471	403549	1733	2.1	61.7	
Rheinisch-Bergischer Kreis (Kreis)	Nordrhein-Westfalen	283275	103527	255	365464	900	3.2	77.4	
Rhein-Sieg-Kreis (Kreis)	Nordrhein-Westfalen	600375	205568	825	342399	1374	1.2	81.0	
Bottrop (Kreisfreie Stadt)	Nordrhein-Westfalen	117388	41173	198	350742	1686	0.0	62.8	
Gelsenkirchen (Kreisfreie Stadt)	Nordrhein-Westfalen	259105	89299	607	344644	2342	6.5	88.0	
Münster (Kreisfreie Stadt)	Nordrhein-Westfalen	316403	123633	230	390745	726	0.5	91.9	
Borken (Kreis)	Nordrhein-Westfalen	371898	171785	482	461914	1296	4.2	62.0	37.0
Coesfeld (Kreis)	Nordrhein-Westfalen	220712	92966	150	421209	679	6.1	87.9	
Recklinghausen (Kreis)	Nordrhein-Westfalen	613599	205536	1475	334967	2403	2.6	73.4	
Steinfurt (Kreis)	Nordrhein-Westfalen	448197	183535	504	409496	1124	2.5	87.5	
Warendorf (Kreis)	Nordrhein-Westfalen	277417	113716	359	409909	1294	0.0	82.2	
Bielefeld (Kreisfreie Stadt)	Nordrhein-Westfalen	333509	135253	623	405545	1868	5.1	85.9	
Gütersloh (Kreis)	Nordrhein-Westfalen	364818	156114	515	427922	1411	3.6	75.0	
Herford (Kreis)	Nordrhein-Westfalen	250547	109631	364	437566	1452	0.0	72.9	
Höxter (Kreis)	Nordrhein-Westfalen	139729	47940	210	343092	1502	0.0	63.6	18.0
Lippe (Kreis)	Nordrhein-Westfalen	346970	128647	662	370772	1907	0.0	96.0	
Minden-Lübbecke (Kreis)	Nordrhein-Westfalen	310270	144489	476	465687	1534	0.0	92.6	
Paderborn (Kreis)	Nordrhein-Westfalen	308335	104661	231	339439	749	2.5	87.5	
Bochum (Kreisfreie Stadt)	Nordrhein-Westfalen	364454	118928	462	326318	1267	0.5	78.8	
Dortmund (Kreisfreie Stadt)	Nordrhein-Westfalen	587696	219827	589	374048	1002	2.2	85.0	17.1
Hagen (Kreisfreie Stadt)	Nordrhein-Westfalen	188687	71205	532	377370	2819	0.0	85.4	
Hamm (Kreisfreie Stadt)	Nordrhein-Westfalen	178967	72614	288	405739	1609	0.0	69.1	20.9
Herne (Kreisfreie Stadt)	Nordrhein-Westfalen	156940	60002	400	382324	2548	0.0	93.7	
Ennepe-Ruhr-Kreis (Kreis)	Nordrhein-Westfalen	323130	109648	618	339330	1912	0.0	67.8	
Hochsauerlandkreis (Kreis)	Nordrhein-Westfalen	259030	99312	283	383399	1092	2.4	75.6	26.1
Märkischer Kreis (Kreis)	Nordrhein-Westfalen	408662	167030	695	408724	1700	7.8	85.3	45.7
Olpe (Kreis)	Nordrhein-Westfalen	133362	42754	212	320586	1589	4.8	90.5	
Siegen-Wittgenstein (Kreis)	Nordrhein-Westfalen	275491	109997	281	399276	1019	0.9	75.9	55.6
Soest (Kreis)	Nordrhein-Westfalen	301016	103691	423	344470	1405	0.0	80.9	15.4
Unna (Kreis)	Nordrhein-Westfalen	393618	138254	708	351239	1798	3.6	81.8	
Darmstadt (Kreisfreie Stadt)	Hessen	159174	59437	235	373408	1476	1.9	69.2	19.9
Frankfurt am Main (Kreisfreie Stadt)	Hessen	764104	296537	1431	388084	1872	2.1	87.6	56.7
Offenbach am Main (Kreisfreie Stadt)	Hessen	130892	53890	304	411713	2322	2.9	81.0	
Wiesbaden (Kreisfreie Stadt)	Hessen	278609	113354	469	406856	1683	2.3	93.0	
Bergstraße (Landkreis)	Hessen	271015	110103	491	406261	1811	4.9	80.5	14.8
Darmstadt-Dieburg (Landkreis)	Hessen	297701	109276	478	367066	1605	14.3	100.0	47.0
Groß-Gerau (Landkreis)	Hessen	275807	102768	380	372608	1377	4.8	57.1	19.0
Hochtaunuskreis (Landkreis)	Hessen	237281	86512	285	364597	1201	0.0	90.9	14.0
Main-Kinzig-Kreis (Landkreis)	Hessen	421689	172131	963	408194	2283	2.8	85.9	21.9
Main-Taunus-Kreis (Landkreis)	Hessen	239264	91807	336	383705	1404	9.1	95.5	14.1
Odenwaldkreis (Landkreis)	Hessen	96754	39668	239	409988	2470	2.4	96.0	23.4
Offenbach (Landkreis)	Hessen	356542	141635	813	397246	2280	0.0	56.5	35.3
Rheingau-Taunus-Kreis (Landkreis)	Hessen	187433	73380	243	391499	1296	6.2	87.5	21.1
Wetteraukreis (Landkreis)	Hessen	310353	114338	726	368412	2339	3.1	93.8	20.8
Gießen (Landkreis)	Hessen	271667	111917	427	411963	1571	4.3	89.4	
Lahn-Dill-Kreis (Landkreis)	Hessen	253373	104241	349	411413	1377	6.7	88.9	15.5
Limburg-Weilburg (Landkreis)	Hessen	172291	70240	362	407682	2101	2.4	92.7	
Marburg-Biedenkopf (Landkreis)	Hessen	245903	100818	399	409990	1622	1.5	93.1	20.9
Vogelsbergkreis (Landkreis)	Hessen	105506	43353	127	410905	1203	4.2	58.3	17.8
Kassel (Kreisfreie Stadt)	Hessen	201048	68927	299	342838	1487	1.5	86.8	49.1
Fulda (Landkreis)	Hessen	223023	111978	406	502091	1820	2.7	92.0	18.9
Hersfeld-Rotenburg (Landkreis)	Hessen	120304	44706	227	371608	1886	5.1	72.9	
Kassel (Landkreis)	Hessen	237007	81567	328	344154	1383	0.0	76.2	
Schwalm-Eder-Kreis (Landkreis)	Hessen	179840	63375	291	352396	1618	3.8	73.1	
Waldeck-Frankenberg (Landkreis)	Hessen	156528	58074	205	371013	1309	0.0	91.1	20.4
Werra-Meißner-Kreis (Landkreis)	Hessen	100046	38314	222	382963	2218	0.0	50.0	20.0
Koblenz (Kreisfreie Stadt)	Rheinland-Pfalz	113388	42688	189	376477	1666	2.5	76.0	
Ahrweiler (Landkreis)	Rheinland-Pfalz	130479	40015	117	306677	896	13.3	86.7	52.3
Altenkirchen (Westerwald) (Landkreis)	Rheinland-Pfalz	129087	43363	154	335920	1192	0.0	56.2	45.1
Bad Kreuznach (Landkreis)	Rheinland-Pfalz	158746	63648	223	400942	1404	2.1	66.0	20.1
Birkenfeld (Landkreis)	Rheinland-Pfalz	80830	29845	166	369231	2053	0.0	77.8	26.8
Cochem-Zell (Landkreis)	Rheinland-Pfalz	61578	21632	104	351294	1688	18.2	54.5	10.6
Mayen-Koblenz (Landkreis)	Rheinland-Pfalz	214786	79250	241	368971	1122	0.0	65.8	
Neuwied (Landkreis)	Rheinland-Pfalz	183131	57648	266	314791	1452	0.0	89.7	27.4
Rhein-Hunsrück-Kreis (Landkreis)	Rheinland-Pfalz	103401	39572	141	382704	1363	7.1	64.3	
Rhein-Lahn-Kreis (Landkreis)	Rheinland-Pfalz	122574	40828	124	333088	1011	3.6	92.9	
Westerwaldkreis (Landkreis)	Rheinland-Pfalz	202830	75430	245	371887	1207	7.4	85.2	40.8
Trier (Kreisfreie Stadt)	Rheinland-Pfalz	110674	37112	69	335327	623	3.8	69.6	29.9
Bernkastel-Wittlich (Landkreis)	Rheinland-Pfalz	112685	35720	123	316989	1091	4.5	77.3	38.8
Eifelkreis Bitburg-Prüm (Landkreis)	Rheinland-Pfalz	100055	29484	62	294677	619	6.7	60.0	
Vulkaneifel (Landkreis)	Rheinland-Pfalz	60491	25369	96	419384	1587	0.0	37.5	24.1
Trier-Saarburg (Landkreis)	Rheinland-Pfalz	150533	50136	149	333056	989	6.7	33.3	22.6
Frankenthal (Pfalz) (Kreisfreie Stadt)	Rheinland-Pfalz	48750	17400	95	356923	1948	15.4	69.2	34.2
Kaiserslautern (Kreisfreie Stadt)	Rheinland-Pfalz	99662	38599	242	387299	2428	4.6	78.7	19.9
Landau in der Pfalz (Kreisfreie Stadt)	Rheinland-Pfalz	46685	17214	74	368726	1585	0.0	65.2	
Ludwigshafen am Rhein (Kreisfreie Stadt)	Rheinland-Pfalz	172557	60705	459	351796	2659	2.0	88.9	46.5
Mainz (Kreisfreie Stadt)	Rheinland-Pfalz	217123	85450	264	393555	1215	2.9	97.1	
Neustadt an der Weinstraße (Kreisfreie Stadt)	Rheinland-Pfalz	53306	19078	69	357895	1294	0.0	70.6	
Pirmasens (Kreisfreie Stadt)	Rheinland-Pfalz	40176	12949	105	322306	2613	0.0	68.8	27.1
Speyer (Kreisfreie Stadt)	Rheinland-Pfalz	50741	20165	127	397410	2502	8.3	91.7	
Worms (Kreisfreie Stadt)	Rheinland-Pfalz	83459	33405	163	400256	1953	5.8	86.5	
Zweibrücken (Kreisfreie Stadt)	Rheinland-Pfalz	34001	12118	29	356401	852	0.0	60.0	15.0
Alzey-Worms (Landkreis)	Rheinland-Pfalz	130715	47763	219	365398	1675	0.0	83.3	
Bad Dürkheim (Landkreis)	Rheinland-Pfalz	133004	43784	235	329193	1766	0.0	62.5	33.3
Donnersbergkreis (Landkreis)	Rheinland-Pfalz	75539	28735	123	380399	1628	0.0	58.3	5.5
Germersheim (Landkreis)	Rheinland-Pfalz	129006	51925	215	402500	1666	0.0	83.3	
Kaiserslautern (Landkreis)	Rheinland-Pfalz	106320	48492	182	456094	1711	10.0	20.0	20.5
Kusel (Landkreis)	Rheinland-Pfalz	70105	24466	120	348990	1711	0.0	93.8	
Südliche Weinstraße (Landkreis)	Rheinland-Pfalz	110783	39181	196	353673	1769	0.0	75.0	
Rhein-Pfalz-Kreis (Landkreis)	Rheinland-Pfalz	154754	52865	299	341606	1932			
Mainz-Bingen (Landkreis)	Rheinland-Pfalz	211525	80840	299	382177	1413	0.0	80.0	
Südwestpfalz (Landkreis)	Rheinland-Pfalz	94912	32127	146	338492	1538	0.0	28.6	
Stuttgart (Stadtkreis)	Baden-Württemberg	630305	227095	717	360293	1137	2.3	83.2	
Böblingen (Landkreis)	Baden-Württemberg	392898	160514	506	408538	1287	1.9	86.5	
Esslingen (Landkreis)	Baden-Württemberg	533617	212428	896	398090	1679	1.4	71.6	14.5
Göppingen (Landkreis)	Baden-Württemberg	258781	99566	403	384750	1557	8.6	68.6	
Ludwigsburg (Landkreis)	Baden-Württemberg	544971	205051	738	376260	1354	0.0	98.5	
Rems-Murr-Kreis (Landkreis)	Baden-Württemberg	427286	173742	642	406617	1502	4.8	67.7	
Heilbronn (Stadtkreis)	Baden-Württemberg	126458	53961	271	426710	2143	3.4	72.4	
Heilbronn (Landkreis)	Baden-Württemberg	346363	147337	355	425383	1024	10.9	82.6	
Hohenlohekreis (Landkreis)	Baden-Württemberg	112765	48799	192	432749	1702	14.3	71.4	20.3
Schwäbisch Hall (Landkreis)	Baden-Württemberg	197860	77901	358	393717	1809	0.0	79.2	
Main-Tauber-Kreis (Landkreis)	Baden-Württemberg	132684	54149	213	408104	1605	1.9	66.7	27.9
Heidenheim (Landkreis)	Baden-Württemberg	132812	56122	326	422567	2454	0.0	68.2	24.4
Ostalbkreis (Landkreis)	Baden-Württemberg	314294	135062	607	429731	1931	2.9	80.0	37.4
Baden-Baden (Stadtkreis)	Baden-Württemberg	55449	20654	110	372486	1983	0.0	100.0	
Karlsruhe (Stadtkreis)	Baden-Württemberg	308436	114140	377	370060	1222	2.7	78.6	
Karlsruhe (Landkreis)	Baden-Württemberg	446852	180968	721	404984	1613	2.3	68.2	35.6
Rastatt (Landkreis)	Baden-Württemberg	232091	97732	389	421093	1676	0.0	100.0	27.5
Heidelberg (Stadtkreis)	Baden-Württemberg	158741	53632	149	337858	938	0.5	90.0	
Mannheim (Stadtkreis)	Baden-Württemberg	309721	121253	515	391491	1662	4.9	89.2	
Neckar-Odenwald-Kreis (Landkreis)	Baden-Württemberg	143797	62125	223	432032	1550	0.0	66.7	15.0
Rhein-Neckar-Kreis (Landkreis)	Baden-Württemberg	548233	210750	765	384416	1395	7.7	79.5	
Pforzheim (Stadtkreis)	Baden-Württemberg	126016	52861	335	419478	2658	0.0	74.1	
Calw (Landkreis)	Baden-Württemberg	160149	62722	320	391647	1998	4.8	76.2	
Enzkreis (Landkreis)	Baden-Württemberg	199752	82209	346	411555	1732	10.0	100.0	
Freudenstadt (Landkreis)	Baden-Württemberg	118364	49563	245	418733	2069	0.0	50.0	
Freiburg im Breisgau (Stadtkreis)	Baden-Württemberg	230940	92370	279	399974	1208	3.0	82.7	
Breisgau-Hochschwarzwald (Landkreis)	Baden-Württemberg	264867	101264	355	382320	1340	0.0	93.1	
Emmendingen (Landkreis)	Baden-Württemberg	166862	68637	258	411339	1546	2.1	97.9	
Ortenaukreis (Landkreis)	Baden-Württemberg	432580	185308	865	428378	1999	1.1	80.5	56.9
Rottweil (Landkreis)	Baden-Württemberg	140166	60304	282	430232	2011	0.0	70.0	
Schwarzwald-Baar-Kreis (Landkreis)	Baden-Württemberg	212872	87209	391	409678	1836	8.0	82.0	48.0
Tuttlingen (Landkreis)	Baden-Württemberg	141682	59712	274	421450	1933	0.0	60.0	53.5
Konstanz (Landkreis)	Baden-Württemberg	286876	109952	433	383273	1509	0.0	74.7	
Lörrach (Landkreis)	Baden-Württemberg	228842	83378	436	364347	1905	3.1	78.1	40.9
Waldshut (Landkreis)	Baden-Württemberg	171237	63821	337	372705	1968	0.0	90.0	
Reutlingen (Landkreis)	Baden-Württemberg	287497	116499	487	405218	1693	0.0	73.1	
Tübingen (Landkreis)	Baden-Württemberg	228471	90207	268	394829	1173	1.1	92.6	
Zollernalbkreis (Landkreis)	Baden-Württemberg	189862	79450	360	418461	1896	8.3	66.7	19.5
Ulm (Stadtkreis)	Baden-Württemberg	126405	52687	139	416811	1099	0.8	74.8	21.0
Alb-Donau-Kreis (Landkreis)	Baden-Württemberg	198204	81373	270	410551	1362	0.0	66.7	37.0
Biberach (Landkreis)	Baden-Württemberg	202250	90016	307	445072	1517	6.2	75.0	32.8
Bodenseekreis (Landkreis)	Baden-Württemberg	217901	83333	353	382435	1620	3.7	57.4	52.0
Ravensburg (Landkreis)	Baden-Württemberg	285888	118250	226	413623	790	5.2	75.9	22.9
Sigmaringen (Landkreis)	Baden-Württemberg	130946	59767	178	456424	1359	0.0	57.1	
Ingolstadt (Kreisfreie Stadt)	Bayern	136952	61317	256	447726	1869	0.0	97.8	23.8
München (Kreisfreie Stadt)	Bayern	1488202	632186	2214	424798	1487	4.0	89.1	28.0
Rosenheim (Kreisfreie Stadt)	Bayern	63591	31188	135	490446	2122	7.3	78.0	26.1
Altötting (Landkreis)	Bayern	111654	53970	360	483368	3224	7.1	85.7	22.9
Berchtesgadener Land (Landkreis)	Bayern	106327	49194	196	462667	1843	0.0	84.2	14.2
Bad Tölz-Wolfratshausen (Landkreis)	Bayern	128212	55831	188	435458	1466	4.5	95.5	10.5
Dachau (Landkreis)	Bayern	155117	75115	246	484247	1585	10.3	93.1	26.8
Ebersberg (Landkreis)	Bayern	144091	66140	296	459015	2054	0.0	83.3	37.0
Eichstätt (Landkreis)	Bayern	133169	61695	144	463283	1081	2.3	81.8	7.2
Erding (Landkreis)	Bayern	138891	69350	205	499312	1475	12.5	100.0	
Freising (Landkreis)	Bayern	180313	80965	236	449024	1308	8.3	100.0	11.6
Fürstenfeldbruck (Landkreis)	Bayern	218740	93602	242	427914	1106	0.0	90.0	20.4
Garmisch-Partenkirchen (Landkreis)	Bayern	88279	35799	158	405521	1789	0.0	81.4	12.9
Landsberg am Lech (Landkreis)	Bayern	121019	50859	123	420256	1016	7.7	84.6	23.4
Miesbach (Landkreis)	Bayern	100183	46372	201	462872	2006	10.0	95.0	37.9
Mühldorf a. Inn (Landkreis)	Bayern	116483	60867	324	522539	2781	0.0	90.0	21.7
München (Landkreis)	Bayern	349685	143693	388	410921	1109	10.0	70.0	48.7
Neuburg-Schrobenhausen (Landkreis)	Bayern	97730	46131	161	472024	1647	0.0	61.8	13.7
Pfaffenhofen a.d. Ilm (Landkreis)	Bayern	129128	59729	248	462556	1920	12.5	62.5	32.6
Rosenheim (Landkreis)	Bayern	261721	130165	759	497342	2900	6.1	83.3	18.1
Starnberg (Landkreis)	Bayern	136610	52635	174	385293	1273	0.0	76.9	27.1
Traunstein (Landkreis)	Bayern	177485	89359	393	503473	2214	0.0	84.0	12.2
Weilheim-Schongau (Landkreis)	Bayern	136134	60368	206	443445	1513	0.0	73.9	
Landshut (Kreisfreie Stadt)	Bayern	73065	31747	192	434503	2627	4.0	92.0	21.0
Passau (Kreisfreie Stadt)	Bayern	52415	22891	157	436726	2995	0.0	75.0	30.8
Straubing (Kreisfreie Stadt)	Bayern	47612	20259	132	425501	2772	0.0	66.7	
Deggendorf (Landkreis)	Bayern	119479	54426	301	455527	2519	0.0	92.3	9.7
Freyung-Grafenau (Landkreis)	Bayern	78355	39007	233	497824	2973	0.0	66.7	18.1
Kelheim (Landkreis)	Bayern	123390	58447	167	473676	1353	9.1	90.9	
Landshut (Landkreis)	Bayern	161191	76558	334	474952	2072	0.0	83.3	14.8
Passau (Landkreis)	Bayern	193454	92363	607	477441	3137	11.1	88.9	33.4
Regen (Landkreis)	Bayern	77313	38668	269	500148	3479	0.0	76.9	25.0
Rottal-Inn (Landkreis)	Bayern	121800	58425	369	479679	3029	6.2	68.8	13.9
Straubing-Bogen (Landkreis)	Bayern	101745	52614	210	517116	2063	20.0	100.0	29.4
Dingolfing-Landau (Landkreis)	Bayern	97244	46984	260	483155	2673	0.0	85.7	15.7
Amberg (Kreisfreie Stadt)	Bayern	42052	17103	67	406710	1593	2.5	65.0	
Regensburg (Kreisfreie Stadt)	Bayern	152270	67172	187	441137	1228	1.9	85.2	37.8
Weiden i.d. OPf. (Kreisfreie Stadt)	Bayern	42535	19354	125	455013	2938	0.0	83.6	
Amberg-Sulzbach (Landkreis)	Bayern	102998	43372	235	421095	2281	0.0	40.0	
Cham (Landkreis)	Bayern	128094	60561	293	472785	2287	0.0	77.8	48.9
Neumarkt i.d. OPf. (Landkreis)	Bayern	135225	60740	269	449177	1989	0.0	80.0	24.2
Neustadt a.d. Waldnaab (Landkreis)	Bayern	94645	46263	254	488805	2683			
Regensburg (Landkreis)	Bayern	194275	92280	279	474996	1436	0.0	92.3	33.1
Schwandorf (Landkreis)	Bayern	148477	69403	294	467432	1980	0.0	73.7	38.8
Tirschenreuth (Landkreis)	Bayern	71696	34696	319	483932	4449	0.0	85.7	34.0
Bamberg (Kreisfreie Stadt)	Bayern	76674	29860	163	389441	2125	0.0	60.9	
Bayreuth (Kreisfreie Stadt)	Bayern	74048	33503	183	452449	2471	0.0	88.9	23.0
Coburg (Kreisfreie Stadt)	Bayern	40842	17942	121	439302	2962	0.0	79.1	
Hof (Kreisfreie Stadt)	Bayern	45173	21037	176	465698	3896	3.7	85.2	
Bamberg (Landkreis)	Bayern	147497	71520	271	484891	1837	0.0	43.8	
Bayreuth (Landkreis)	Bayern	103679	47503	240	458173	2314	0.0	57.1	19.3
Coburg (Landkreis)	Bayern	86571	38017	211	439142	2437			
Forchheim (Landkreis)	Bayern	116600	54359	216	466200	1852	0.0	75.0	
Hof (Landkreis)	Bayern	94522	43446	282	459639	2983	0.0	63.2	
Kronach (Landkreis)	Bayern	66355	32821	179	494627	2697	0.0	52.9	
Kulmbach (Landkreis)	Bayern	71428	35206	178	492887	2492	0.0	96.0	
Lichtenfels (Landkreis)	Bayern	66722	32877	179	492746	2682	0.0	89.2	
Wunsiedel i. Fichtelgebirge (Landkreis)	Bayern	71974	33871	286	470600	3973	5.6	66.7	
Ansbach (Kreisfreie Stadt)	Bayern	41681	18758	63	450037	1511	4.3	78.3	9.5
Erlangen (Kreisfreie Stadt)	Bayern	112385	41472	147	369017	1308	3.3	82.1	
Fürth (Kreisfreie Stadt)	Bayern	128223	57768	316	450527	2464	2.3	95.3	21.6
Nürnberg (Kreisfreie Stadt)	Bayern	515543	229163	1282	444508	2486	2.2	71.4	46.2
Schwabach (Kreisfreie Stadt)	Bayern	41056	18330	140	446463	3409	0.0	100.0	
Ansbach (Landkreis)	Bayern	185316	84946	268	458384	1446	0.0	75.0	29.9
Erlangen-Höchstadt (Landkreis)	Bayern	138105	63782	190	461837	1375	0.0	75.0	14.1
Fürth (Landkreis)	Bayern	118695	53189	295	448114	2485			
Nürnberger Land (Landkreis)	Bayern	171143	73344	398	428553	2325	0.0	75.0	
Neustadt a.d. Aisch-Bad Windsheim (Landkreis)	Bayern	101272	44604	161	440437	1589	3.3	100.0	
Roth (Landkreis)	Bayern	127168	59439	257	467405	2020	16.7	100.0	19.7
Weißenburg-Gunzenhausen (Landkreis)	Bayern	95117	44670	182	469632	1913	0.0	69.2	
Aschaffenburg (Kreisfreie Stadt)	Bayern	70858	30192	179	426091	2526	7.3	87.3	
Schweinfurt (Kreisfreie Stadt)	Bayern	53319	25662	171	481291	3207	3.1	78.1	
Würzburg (Kreisfreie Stadt)	Bayern	126954	60621	213	477503	1677	2.4	80.5	
Aschaffenburg (Landkreis)	Bayern	174658	74355	326	425717	1866	0.0	80.0	
Bad Kissingen (Landkreis)	Bayern	103169	48144	216	466651	2093	0.0	79.4	21.3
Rhön-Grabfeld (Landkreis)	Bayern	79510	38077	168	478895	2112	4.7	94.5	11.8
Haßberge (Landkreis)	Bayern	84275	41340	158	490536	1874	16.7	100.0	
Kitzingen (Landkreis)	Bayern	91696	41203	162	449343	1766	14.3	100.0	28.6
Miltenberg (Landkreis)	Bayern	128743	59111	228	459139	1770	11.1	100.0	
Main-Spessart (Landkreis)	Bayern	125976	50793	259	403195	2055	0.0	77.8	32.5
Schweinfurt (Landkreis)	Bayern	115652	56487	244	488422	2109	0.0	66.7	
Würzburg (Landkreis)	Bayern	162697	71822	172	441446	1057	0.0	87.5	
Augsburg (Kreisfreie Stadt)	Bayern	295830	128132	691	433127	2335	6.0	78.9	40.9
Kaufbeuren (Kreisfreie Stadt)	Bayern	44662	19248	125	430970	2798	8.3	100.0	
Kempten (Allgäu) (Kreisfreie Stadt)	Bayern	68940	31104	106	451174	1537	0.0	71.7	
Memmingen (Kreisfreie Stadt)	Bayern	44360	19198	40	432777	901	3.1	93.8	
Aichach-Friedberg (Landkreis)	Bayern	135024	59861	170	443336	1259	0.0	76.9	
Augsburg (Landkreis)	Bayern	255900	110370	437	431301	1707	7.7	76.9	28.8
Dillingen a.d. Donau (Landkreis)	Bayern	97172	46628	229	479850	2356	0.0	85.7	
Günzburg (Landkreis)	Bayern	127342	56901	215	446836	1688	2.1	83.0	10.1
Neu-Ulm (Landkreis)	Bayern	175823	72505	291	412374	1655	6.7	93.3	47.4
Lindau (Bodensee) (Landkreis)	Bayern	82085	35370	124	430894	1510	0.0	33.3	
Ostallgäu (Landkreis)	Bayern	141907	66839	284	471005	2001	0.0	58.3	
Unterallgäu (Landkreis)	Bayern	146164	66234	260	453148	1778	14.3	85.7	19.6
Donau-Ries (Landkreis)	Bayern	134324	64469	266	479951	1980	0.0	95.7	30.6
Oberallgäu (Landkreis)	Bayern	156308	68938	197	441039	1260	7.1	35.7	49.3
